Use Musify;
INSERT INTO Artists (artist_id, artist_name, genre, followers, profile_url, image) 
VALUES (1, 'Eminem', 'Hip-Hop', 820000, 'https://www.youtube.com/channel/UCfM3zsQsOnfWNUppiycmBuw', 'https://yt3.googleusercontent.com/ytc/AIdro_ny_3E5NhElVE1msnq1HUwtnpjlV0JdXJ3h11Df2tlNmTQ=s160-c-k-c0x00ffffff-no-rj');

INSERT INTO Artists (artist_id, artist_name, genre, followers, profile_url, image) 
VALUES (2, 'Drake', 'Hip-Hop', 900000, 'https://www.youtube.com/channel/UCByOQJjav0CUDwxCk-jVNRQ', 'https://yt3.googleusercontent.com/ytc/AIdro_lCPp6jFXJWIVHM0fIK5HofL3nyLOsmhu1Ek2OwyppYlOM=s160-c-k-c0x00ffffff-no-rj');

INSERT INTO Artists (artist_id, artist_name, genre, followers, profile_url, image) 
VALUES (3, 'Lady Gaga', 'Pop', 750000, 'https://www.youtube.com/channel/UCNL1ZadSjHpjm4q9j2sVtOA', 'https://yt3.googleusercontent.com/PhFThrqp58joMS9FOd7I2jPZ1TepvCKDsdnuwmFXPl-Tq0kZjw3GNtCNtsxt3dgH8bqW7RdK=s160-c-k-c0x00ffffff-no-rj');

INSERT INTO Artists (artist_id, artist_name, genre, followers, profile_url, image) 
VALUES (4, 'Post Malone', 'Hip-Hop', 710000, 'https://www.youtube.com/channel/UCeLHszkByNZtPKcaVXOCOQQ', 'https://yt3.googleusercontent.com/fZiaikWALrL81W0HkhVp_kaeI2AeaRQ8dLcGxY4Le2rggZltP_cdNOGpzSTTFizrTWdahACe=s160-c-k-c0x00ffffff-no-rj');

INSERT INTO Artists (artist_id, artist_name, genre, followers, profile_url, image) 
VALUES (5, 'Akon', 'R&B', 560000, 'https://www.youtube.com/channel/UC6IBMCQ6-d7p41KHxOsq4RA', 'https://yt3.googleusercontent.com/0fU7MKX5FKqnZ3_qgZoETlC-rtN-7IUPZwXtBViq1VGCZC3w78ECrxh2BEOboge2qTkmaWNOWQ=s160-c-k-c0x00ffffff-no-rj');

INSERT INTO Artists (artist_id, artist_name, genre, followers, profile_url, image) 
VALUES (6, 'Pitbull', 'Pop', 680000, 'https://www.youtube.com/channel/UCv8nzwVPQDRjkPCkEsOdEwA', 'https://yt3.googleusercontent.com/uKJ5scOEXVj-dCSC98H4jYWT60NxNt07gqs1wzqTePixIidtwKlBDinAW3P9dUVffM4AQLqjLHg=s160-c-k-c0x00ffffff-no-rj');

INSERT INTO Artists (artist_id, artist_name, genre, followers, profile_url, image) 
VALUES (7, 'Selena Gomez', 'Pop', 790000, 'https://www.youtube.com/channel/UCPNxhDvTcytIdvwXWAm43cA', 'https://yt3.googleusercontent.com/SdHhEkdZ78QM2SNYjgSRnJX_F-ulIdb-B001bxuTfzLX7rbfuEeO_GXaynLc2zp-LZQizNEB=s160-c-k-c0x00ffffff-no-rj');

INSERT INTO Artists (artist_id, artist_name, genre, followers, profile_url, image) 
VALUES (8, 'Justin Bieber', 'Pop', 1000000, 'https://www.youtube.com/channel/UCHkj014U2CQ2Nv0UZeYpE_A', 'https://yt3.googleusercontent.com/ytc/AIdro_nI4TVFXBd57OiewF_oI8NCqBcpYmbkvbl1HjtYrqNPokc=s160-c-k-c0x00ffffff-no-rj');

INSERT INTO Artists (artist_id, artist_name, genre, followers, profile_url, image) 
VALUES (9, 'Nicki Minaj', 'Hip-Hop', 870000, 'https://www.youtube.com/channel/UC3jOd7GUMhpgJRBhiLzuLsg', 'https://yt3.googleusercontent.com/50YeejQslEmP9_pNJHm3SGYRHRuVMuGafgsyrm2AjRNOE8P0bcIsDMA371xebxsd2zMQedm0TA=s160-c-k-c0x00ffffff-no-rj');

INSERT INTO Artists (artist_id, artist_name, genre, followers, profile_url, image) 
VALUES (10, 'Cardi B', 'Hip-Hop', 840000, 'https://www.youtube.com/channel/UCxMAbVFmxKUVGAll0WVGpFw', 'https://yt3.googleusercontent.com/50YeejQslEmP9_pNJHm3SGYRHRuVMuGafgsyrm2AjRNOE8P0bcIsDMA371xebxsd2zMQedm0TA=s160-c-k-c0x00ffffff-no-rj');

INSERT INTO Artists (artist_id, artist_name, genre, followers, profile_url, image) 
VALUES (11, 'Beyoncé', 'Pop', 910000, 'https://www.youtube.com/channel/UCuHzBCaKmtaLcRAOoazhCPA', 'https://yt3.googleusercontent.com/4UxYRy4fJ0Fo54TRPkw19_W6uCCnzTBSkzm75vGIiEObg4IgY5Ie1BIsNcflFNqofAjxEpTRcQ=s160-c-k-c0x00ffffff-no-rj');

INSERT INTO Artists (artist_id, artist_name, genre, followers, profile_url, image) 
VALUES (12, 'Rihanna', 'Pop', 970000, 'https://www.youtube.com/channel/UCcgqSM4YEo5vVQpqwN-MaNw', 'https://yt3.googleusercontent.com/VAYRM_xcMbmZqsKMzO8SCt8HoMNC-TWBcwm3b3v5gLVnhVQHZ9aq_4DH6RhqlCqEB3RNhA7KHg=s160-c-k-c0x00ffffff-no-rj');

INSERT INTO Artists (artist_id, artist_name, genre, followers, profile_url, image) 
VALUES (13, 'Katy Perry', 'Pop', 920000, 'https://www.youtube.com/channel/UCxU3Db5thk4TT-mnJDPfJ-g', 'https://yt3.googleusercontent.com/0JHDiF44tXg9XWEwdlEz5_q5ygZYwcOIKKcOdi5R8hLRCwe-34nlSNlGzIzg9elk1EHlYqf1HA=s160-c-k-c0x00ffffff-no-rj');

INSERT INTO Artists (artist_id, artist_name, genre, followers, profile_url, image) 
VALUES (14, 'Shakira', 'Pop', 940000, 'https://www.youtube.com/channel/UCYLNGLIzMhRTi6ZOLjAPSmw', 'https://yt3.googleusercontent.com/aFFxy2m2TB9dOJJEduJKEyAYsr79uE3ypQZLg-Jbc4TXlxsfCFoe7Ly3E3ou5sTPbglNiTyiKw=s160-c-k-c0x00ffffff-no-rj');

INSERT INTO Artists (artist_id, artist_name, genre, followers, profile_url, image) 
VALUES (15, 'Bruno Mars', 'Pop', 810000, 'https://www.youtube.com/@brunomars', 'https://yt3.googleusercontent.com/DFAj5Pcujo1P0iXe8x4XoZwwItN9cbHnDxbdamvhqSTzXTmyNlqsE1HN2bEQN5vpXE6SB1IAoCM=s160-c-k-c0x00ffffff-no-rj');

INSERT INTO Artists (artist_id, artist_name, genre, followers, profile_url, image) 
VALUES (16, 'Ariana Grande', 'Pop', 990000, 'https://www.youtube.com/channel/UC9CoOnJkIBMdeijd9qYoT_g', 'https://yt3.googleusercontent.com/vLWO1tajYHyFJ3lGkcMxKMayA-ZNUqCUYj5bOO8TWhNVL7EV-bjxmguUkZ3B2dMsAtZYir8r=s160-c-k-c0x00ffffff-no-rj');

INSERT INTO Artists (artist_id, artist_name, genre, followers, profile_url, image) 
VALUES (17, 'The Weeknd', 'R&B', 870000, 'https://www.youtube.com/channel/UC0WP5P-ufpRfjbNrmOWwLBQ', 'https://yt3.googleusercontent.com/WHvw1ak1FcJaHeEiTmG2iN0dqEjjPxAtT_tA8ruJ3MlNr9I-RHsAur1iAenYeQN_d6LNPH2Z8Ic=s160-c-k-c0x00ffffff-no-rj');

INSERT INTO Artists (artist_id, artist_name, genre, followers, profile_url, image) 
VALUES (18, 'Taylor Swift', 'Pop', 1000000, 'https://www.youtube.com/channel/UCqECaJ8Gagnn7YCbPEzWH6g', 'https://yt3.googleusercontent.com/PFmecESWwRnrbIFZ04vG6UbdXKzjyC3vQkufqqEYEHpXlwHFRMDN8RuvG7A1WRnbGKVZTcyFYQ=s160-c-k-c0x00ffffff-no-rj');

INSERT INTO Artists (artist_id, artist_name, genre, followers, profile_url, image) 
VALUES (19, 'Dua Lipa', 'Pop', 760000, 'https://www.youtube.com/channel/UC-J-KZfRV8c13fOCkhXdLiQ', 'https://yt3.googleusercontent.com/c3upBFWLu55hnBvqncQS9ZEF_hkvHsNTQiB7m7ZYYavLFMzfyn9Bwo-1VF4HSPGo3G2EdwGtgWg=s160-c-k-c0x00ffffff-no-rj');

INSERT INTO Artists (artist_id, artist_name, genre, followers, profile_url, image) 
VALUES (20, 'Sia', 'Pop', 630000, 'https://www.youtube.com/channel/UCn7dB9UMTBDjKtEKBy_XISw', 'https://yt3.googleusercontent.com/z3AOStrEznwieoK8HCfHi9nNQiPUiycJMEDYwZ5ufnaIS8YQRMj-X8lZpwtMnBsv89kcVUwewA=s160-c-k-c0x00ffffff-no-rj');
INSERT INTO Artists (artist_id, artist_name, genre, followers, profile_url, image)
VALUES (21, 'Ed Sheeran', 'Pop', 850000, 'https://www.youtube.com/channel/UC0C-w0YjGpqDXGB8IHb662A', 'https://yt3.googleusercontent.com/pZQ5JMD4EOI8TcNYAPTzMexe_fC0CKnb_hYlV4rPfIzmDidF239fH1XKmzkeT30XSg7fxNwc_w=s160-c-k-c0x00ffffff-no-rj' );

INSERT INTO Artists (artist_id, artist_name, genre, followers, profile_url, image)
VALUES (22, 'BTS', 'K-Pop', 950000, 'https://www.youtube.com/channel/UCLkAepWjdylmXSltofFvsYQ', 'https://yt3.googleusercontent.com/pbESKAjfNT6bL7WjlWxbyiJ2h8ceCOKYLJwpo2ZM8gCesyGCWZbVtJ8VVuIxhRk-QOwU64ou=s160-c-k-c0x00ffffff-no-rj' );
INSERT INTO Artists (artist_id, artist_name, genre, followers, profile_url, image)
VALUES (23, 'Billie Eilish', 'Pop', 780000, 'https://www.youtube.com/channel/UCiGm_E4ZwYSHV3bcW1pnSeQ','https://yt3.googleusercontent.com/dirvtoDAmx-u0UR76-pxfhYL6Wxj2vfL2geUcxDwk62tTWWhGG6QDGc63RG3NdOz38-yBwRHDQ=s160-c-k-c0x00ffffff-no-rj' );

INSERT INTO Artists (artist_id, artist_name, genre, followers, profile_url, image)
VALUES (24, 'Maroon 5', 'Pop', 720000, 'https://www.youtube.com/channel/UCN1hnUccO4FD5WfM7ithXaw', 'https://yt3.googleusercontent.com/I0jhTGFbuG5MyNpnzo_tz0xUJ9hplyNFXA2tayDrmCT5nmjGzn4q5xgTwWHI0scboIc-yevr6qs=s160-c-k-c0x00ffffff-no-rj' );

INSERT INTO Artists (artist_id, artist_name, genre, followers, profile_url, image)
VALUES (25, 'Imagine Dragons', 'Rock', 690000, 'https://www.youtube.com/channel/UCpx_k19S2vUutWUUM9qmXEg', 'https://yt3.googleusercontent.com/I0jhTGFbuG5MyNpnzo_tz0xUJ9hplyNFXA2tayDrmCT5nmjGzn4q5xgTwWHI0scboIc-yevr6qs=s160-c-k-c0x00ffffff-no-rj' );

INSERT INTO Artists (artist_id, artist_name, genre, followers, profile_url, image)
VALUES (26, 'Coldplay', 'Rock', 870000, 'https://www.youtube.com/channel/UCDPM_n1atn2ijUwHd0NNRQw', 'https://yt3.googleusercontent.com/vWWn3HO1emNl2iGb08UuY4q_OtqXwUUWJMjMDr6bBPpuCBoWg-dE_Gu-yoMQNrBqb2gMzA3wLQ=s160-c-k-c0x00ffffff-no-rj');

INSERT INTO Artists (artist_id, artist_name, genre, followers, profile_url, image) VALUES (27, 'J Balvin', 'Pop', 500000, 'https://www.youtube.com/user/JBalvinVEVO', 'https://yt3.googleusercontent.com/YC70x3G_0yP3Jm4T3U0cOJuYb7BhrCe0LHcZwbXP5g7XgzvCVDuXsnU-yDxA9kXhPFFAFIoy=s160-c-k-c0x00ffffff-no-rj');
INSERT INTO Artists (artist_id, artist_name, genre, followers, profile_url, image) VALUES (28, 'Maluma', 'Pop', 500000, 'https://www.youtube.com/user/MalumaVEVO', 'https://yt3.googleusercontent.com/uChiGxAJGu5L4mBFmHpaGZ5lmkN02ppu7HsvIPcWqlrUrJIuDWV0xR8MjTKlzxeXuVpWnIWz=s160-c-k-c0x00ffffff-no-rj');
INSERT INTO Artists (artist_id, artist_name, genre, followers, profile_url, image) VALUES (29, 'Chris Brown', 'Pop', 500000, 'https://www.youtube.com/user/ChrisBrownVEVO', 'https://yt3.googleusercontent.com/8b-_dTzVh83nv-0Z_d6uLacb0iF7tVIewrDOynUnE6_ffg8cbnzTlxChuHIzJqp2CBZtSj8KjA=s160-c-k-c0x00ffffff-no-rj');
INSERT INTO Artists (artist_id, artist_name, genre, followers, profile_url, image) VALUES (30, 'Karol G', 'Pop', 500000, 'https://www.youtube.com/user/KarolGVEVO', 'https://yt3.googleusercontent.com/rPHaMWQNtwfx2Ro6zOS8ER8lWTf0z5a9e5GCRXmq8rG5dqGHbkGGTOkrwI2kscSCwOX2iuXMfw=s160-c-k-c0x00ffffff-no-rj');
INSERT INTO Artists (artist_id, artist_name, genre, followers, profile_url, image) VALUES (31, 'Britney Spears', 'Pop', 500000, 'https://www.youtube.com/user/BritneySpearsVEVO', 'https://yt3.googleusercontent.com/ytc/AIdro_kSQctZMVaAvMF6mXcwC3x0Ihv_nmPSgva58veAXfZTneA=s160-c-k-c0x00ffffff-no-rj');
INSERT INTO Artists (artist_id, artist_name, genre, followers, profile_url, image) VALUES (32, 'Enrique Iglesias', 'Pop', 500000, 'https://www.youtube.com/user/EnriqueIglesiasVEVO', 'https://yt3.googleusercontent.com/wr7xc4mEUAa9kwY6grUBVpsLLvaCs6PqHaYYUZQS5OZs5C_CNaPVmt6q2kt3bpDb-UBiwi7B3Q=s160-c-k-c0x00ffffff-no-rj');
INSERT INTO Artists (artist_id, artist_name, genre, followers, profile_url, image) VALUES (33, 'Romeo Santos', 'Pop', 500000, 'https://www.youtube.com/user/RomeoSantosVEVO', 'https://yt3.googleusercontent.com/h2P_OzdB7iluetIMHM0oDPdqGEQOr4ZFucCa7YAbABcG1Dn8pcGo0QgAsEV0DvdMbWNvTo0oRA=s160-c-k-c0x00ffffff-no-rj');
INSERT INTO Artists (artist_id, artist_name, genre, followers, profile_url, image) VALUES (34, 'P!nk', 'Pop', 500000, 'https://www.youtube.com/user/PinkVEVO', 'https://yt3.googleusercontent.com/ytc/AIdro_lpccHnTOdoyHxeh2jDalLHt49Mp8NtD52SB2nTv43VPSs=s160-c-k-c0x00ffffff-no-rj');
INSERT INTO Artists (artist_id, artist_name, genre, followers, profile_url, image) VALUES (35, 'Jennifer Lopez', 'Pop', 500000, 'https://www.youtube.com/user/JenniferLopezVEVO', 'https://yt3.googleusercontent.com/kUp9sV1VhbsN1JvVRZzw2tCeG1lfo6P237ub44hgOTaJ4dVSTjRRkbwbLDGaZlbW0cbxLxLb8A=s160-c-k-c0x00ffffff-no-rj');
INSERT INTO Artists (artist_id, artist_name, genre, followers, profile_url, image) VALUES (36, 'Miley Cyrus', 'Pop', 500000, 'https://www.youtube.com/user/MileyCyrusVEVO', 'https://yt3.googleusercontent.com/-ta-T1FdLk5kwdxv0ZgbElswZmrqKesYGFGHgU6u_OsFPcKW5CWHTCTnycRkGBuoowFAqVWpug=s160-c-k-c0x00ffffff-no-rj');
INSERT INTO Artists (artist_id, artist_name, genre, followers, profile_url, image) VALUES (37, 'Calvin Harris', 'Pop', 500000, 'https://www.youtube.com/user/CalvinHarrisVEVO', 'https://yt3.googleusercontent.com/CnuJtAy7Xvwo_eBfdmcUgROweJtsl6UWP9gM3stYpeJHDBN5km5dgoTzPriAjMOIG2DGh9Qw=s160-c-k-c0x00ffffff-no-rj');
INSERT INTO Artists (artist_id, artist_name, genre, followers, profile_url, image) VALUES (38, 'Klay BBJ', 'Rap', 500000, 'https://www.youtube.com/channel/UCI6ER2eyvJ098z_qrHZiZdA', 'https://yt3.googleusercontent.com/FhZDfmDgGw9_w0cyhkpNGr2GfTZJqbq4sk044pN2ZFVTVQ7FHCvZ5ln_mg9GScDuNnAo29ITiw=s160-c-k-c0x00ffffff-no-rj');
INSERT INTO Artists (artist_id, artist_name, genre, followers, profile_url, image) VALUES (39, 'Black Eyed Peas', 'Pop', 500000, 'https://www.youtube.com/user/BlackEyedPeasVEVO', 'https://yt3.googleusercontent.com/NpxpcKNwqfrMAeCvJxL_OyONVoEUOQYEx2QVoMdX-1F8YdPgioGe7J4TbsMLoEZ5hD7PWe4yZQ=s160-c-k-c0x00ffffff-no-rj');
INSERT INTO Artists (artist_id, artist_name, genre, followers, profile_url, image) VALUES (40, 'Demi Lovato', 'Pop', 500000, 'https://www.youtube.com/user/DemiLovatoVEVO', 'https://yt3.googleusercontent.com/0li063hwbZz1FYB8h8ld-S7ibEpkK_INRiHRbIO4kLs9yQ6Vn5QxqEcbCQ_xjRH4L3UCttgs=s160-c-k-c0x00ffffff-no-rj');
INSERT INTO Artists (artist_id, artist_name, genre, followers, profile_url, image) VALUES (41, 'Mariah Carey', 'Pop', 500000, 'https://www.youtube.com/user/MariahCareyVEVO', 'https://yt3.googleusercontent.com/32pGcF7CiuqBQ1gFPbcNkvVSEEX1Zx-e9UPao_qC_FwU4lgtIF0raH-97Fl_juKE9fRuOCx25g=s160-c-k-c0x00ffffff-no-rj');
INSERT INTO Artists (artist_id, artist_name, genre, followers, profile_url, image) VALUES (42, 'Michael Jackson', 'Pop', 500000, 'https://www.youtube.com/user/MichaelJacksonVEVO', 'https://yt3.googleusercontent.com/ytc/AIdro_mpJ5zTOHhuyQtitvQAVphd1Ug1uCb3YBR8Tll8va2e3QE=s160-c-k-c0x00ffffff-no-rj');
INSERT INTO Artists (artist_id, artist_name, genre, followers, profile_url, image) VALUES (43, 'Luis Fonsi', 'Pop', 500000, 'https://www.youtube.com/user/LuisFonsiVEVO', 'https://yt3.googleusercontent.com/jDWlRxvINGBnumQf3ZzR50zts7TQjW9WZK7YhuIovzLu_jHjXgOVAiEym-uwO0uPJaGBDGt8=s160-c-k-c0x00ffffff-no-rj');
INSERT INTO Artists (artist_id, artist_name, genre, followers, profile_url, image) VALUES (44, 'A.L.A', 'Pop', 500000, 'https://www.youtube.com/channel/UCldUc3lPRbibHFOomDrypXA', 'https://yt3.googleusercontent.com/nb5THbpaP3wtSq3W4M5BpaRJgBVuM-1nHggF9qLRbFXr3-uBvPV3nlynfEpcpLaK-4RZg6NJ=s160-c-k-c0x00ffffff-no-rj');
INSERT INTO Artists (artist_id, artist_name, genre, followers, profile_url, image) VALUES (45, 'SAMARA', 'Pop', 500000, 'https://www.youtube.com/channel/UCEonTFGPeAX7fmq28pfs6Vg', 'https://yt3.googleusercontent.com/Ybx_SwtXHvBjA4cZMa4gy3QpB3qviqZW_zTON68kJu6d2oaI7e6OvDN2OphsRsGHT7GYZuwW1Q=s160-c-k-c0x00ffffff-no-rj');
INSERT INTO Artists (artist_id, artist_name, genre, followers, profile_url, image) VALUES (46, 'Raghab alama', 'Pop', 500000, 'https://www.youtube.com/channel/UCvRoxL3xFaXyU6w9o0lxGPQ', 'https://yt3.googleusercontent.com/ytc/AIdro_mAD7M6JgUO2peopVudEqBcVd2tCqUWmRk_MNj7S5e6MKk=s160-c-k-c0x00ffffff-no-rj');

INSERT INTO Artists (artist_id, artist_name, genre, followers, profile_url, image) VALUES
(47, 'Dodie Clark', 'Pop', 500000, 'https://www.youtube.com/user/dodieVEVO', 'https://yt3.googleusercontent.com/ytc/AIdro_kkN4hT5O-SkzBqmvJ-CcKhdENVvLE0Rba0XfUgZYxAqHw=s160-c-k-c0x00ffffff-no-rj');

INSERT INTO Artists (artist_id, artist_name, genre, followers, profile_url, image) VALUES
(48, 'Emma Blackery', 'Pop Rock', 500000, 'https://www.youtube.com/channel/UC8KDP8vo6Wylmj_JQLuuaSQ', 'https://yt3.googleusercontent.com/m8cw88kwbD86bSy3fDR7p-SNyDckxxcdpoVlnJaVzTzL646U0IpzwtAwU2zbpAKcPHFactQV=s160-c-k-c0x00ffffff-no-rj');

INSERT INTO Artists (artist_id, artist_name, genre, followers, profile_url, image) VALUES
(49, 'Bea Miller', 'Pop', 500000, 'https://www.youtube.com/user/BeaMillerVEVO', 'https://yt3.googleusercontent.com/ytc/AIdro_m6Kg-MQVFAkJK1vMBfV3ExXdxQN_DU3tUZfXkJLcCsZw=s160-c-k-c0x00ffffff-no-rj');

INSERT INTO Artists (artist_id, artist_name, genre, followers, profile_url, image) VALUES
(58, 'Sanfara', 'Électro', 1200000, 'https://www.youtube.com/channel/UCyB6xP6_c6ZCqC2b4wYAsLw', 'https://yt3.googleusercontent.com/-XZmRSIOGO-IGm-xlkGOkxOGzlYYzDD-EALONWlJ-nEV9SZzAqcaZ2a8qkj9_qSOn4hKVEtBpQ=s160-c-k-c0x00ffffff-no-rj');

INSERT INTO Artists (artist_id, artist_name, genre, followers, profile_url, image) VALUES
(59, 'Adele', 'Pop', 1500000, 'https://www.youtube.com/user/AdeleVEVO', 'https://yt3.googleusercontent.com/vdfNWfvCReUf9wHOeC47JWmM1MbcAgnG12NXKi7VPxtmxIszk-S_DaeyNaB0NI3-pMoh1ZdNrw=s160-c-k-c0x00ffffff-no-rj');

INSERT INTO Artists (artist_id, artist_name, genre, followers, profile_url, image) VALUES
(60, 'One Direction', 'Pop', 1400000, 'https://www.youtube.com/user/OneDirectionVEVO', 'https://yt3.googleusercontent.com/ytc/AIdro_nOdI-uAtagJy5RPy8iMHtD0KD7QRcN3x8awzQgOpmB9oI=s160-c-k-c0x00ffffff-no-rj');

INSERT INTO Artists (artist_id, artist_name, genre, followers, profile_url, image) VALUES
(61, 'Little Mix', 'Pop', 1300000, 'https://www.youtube.com/user/LittleMixVEVO', 'https://yt3.googleusercontent.com/ytc/AIdro_k2CKhmimB0SnojPThNl6l0S_-h_YLcTl3rDgKqbyx00g=s160-c-k-c0x00ffffff-no-rj');

INSERT INTO Artists (artist_id, artist_name, genre, followers, profile_url, image) VALUES
(62, 'Sam Smith', 'Pop', 1250000, 'https://www.youtube.com/user/SamSmithWorldVEVO', 'https://yt3.googleusercontent.com/ytc/AIdro_nQ7WfgVDW5ESI2cd7V_rAvXHfLgOThf2LGv6hUhua9rw=s160-c-k-c0x00ffffff-no-rj');

INSERT INTO Artists (artist_id, artist_name, genre, followers, profile_url, image) VALUES
(63, 'Usher', 'R&B', 1100000, 'https://www.youtube.com/user/UsherVEVO', 'https://yt3.googleusercontent.com/ytc/AIdro_kb4nmHA8HnQ4mgNqhHcnint1RwTwa5R9uvExE7cF5ZVy8=s160-c-k-c0x00ffffff-no-rj');

INSERT INTO Artists (artist_id, artist_name, genre, followers, profile_url, image) VALUES
(64, '50 Cent', 'Hip-Hop', 1050000, 'https://www.youtube.com/user/50CentVEVO', 'https://yt3.googleusercontent.com/ytc/AIdro_kMiLDKkH3h5P2kVYx_2pGvd_ilHvdMtTLC1NNDjJda_w=s160-c-k-c0x00ffffff-no-rj');

INSERT INTO Artists (artist_id, artist_name, genre, followers, profile_url, image) VALUES
(65, 'AC/DC', 'Rock', 1000000, 'https://www.youtube.com/user/acdcVEVO', 'https://yt3.googleusercontent.com/ytc/AIdro_kO_b3CKQzaH8eL7YKCsVINjzA46GJBwl6rIyR0cpireQ=s160-c-k-c0x00ffffff-no-rj');

INSERT INTO Artists (artist_id, artist_name, genre, followers, profile_url, image) VALUES
(66, 'CNCO', 'Pop Latino', 950000, 'https://www.youtube.com/user/CNCOVEVO', 'https://yt3.googleusercontent.com/WON9RKtqjSqg_r99NRC8lSvjP_8adO8oGbBLjPEd9uR-YglsxSAPRaf1yLHek2Sz1ynIRBpQbuM=s160-c-k-c0x00ffffff-no-rj');

INSERT INTO Artists (artist_id, artist_name, genre, followers, profile_url, image) VALUES
(67, 'North Vandals', 'Reggaeton', 900000, 'https://www.youtube.com/@northvandals3936', 'https://yt3.googleusercontent.com/ytc/AIdro_kAFdN320mZzexrIWwTEs43JzV1Gq1XMD9A01I2uKP1JA=s160-c-k-c0x00ffffff-no-rj');

INSERT INTO Artists (artist_id, artist_name, genre, followers, profile_url, image) VALUES
(68, 'Chayanne', 'Pop Latino', 850000, 'https://www.youtube.com/user/ChayanneVEVO', 'https://yt3.googleusercontent.com/7k6-lRIksqvUbhzk0ZSdAWuvaDNyQwRaHUYxHLQ_3NV95UyL5UQenl2D6AeuoDAjpqY5rTKh=s160-c-k-c0x00ffffff-no-rj');

INSERT INTO Artists (artist_id, artist_name, genre, followers, profile_url, image) VALUES
(69, 'Justin Timberlake', 'Pop', 1300000, 'https://www.youtube.com/user/JustinTimberlakeVEVO', 'https://yt3.googleusercontent.com/ytc/AIdro_kdV-6wU52u1EdyNpJRQ8Ec1kfDBq-rqInsQavaNOFzoA=s160-c-k-c0x00ffffff-no-rj');

INSERT INTO Artists (artist_id, artist_name, genre, followers, profile_url, image) VALUES
(70, 'Ha-Ash', 'Pop', 800000, 'https://www.youtube.com/user/HaAshVEVO', 'https://yt3.googleusercontent.com/4s40qfpJOupJPQK1HFBetM2fev64hZiMz3cW-QA5QwmUdDzJQklb6mXfv9YBfqSOQo6v9N6LRA=s160-c-k-c0x00ffffff-no-rj');

INSERT INTO Artists (artist_id, artist_name, genre, followers, profile_url, image) VALUES
(71, 'Hamzaoui Med Amine', 'Rap', 1150000, 'https://www.youtube.com/@HamzaouiMedAmine', 'https://yt3.googleusercontent.com/ytc/AIdro_nWEgtCX8R4VJHlpapjSAJYx3VMMet6vH657K7TG7nReA=s160-c-k-c0x00ffffff-no-rj');

INSERT INTO Artists (artist_id, artist_name, genre, followers, profile_url, image) VALUES
(72, 'David Guetta', 'Électro', 1400000, 'https://www.youtube.com/user/DavidGuettaVEVO', 'https://yt3.googleusercontent.com/ytc/AIdro_nVKPoGkfw44ICB715GPlzNDsmqZdlwewB1QGa9K4vD94o=s160-c-k-c0x00ffffff-no-rj');

INSERT INTO Artists (artist_id, artist_name, genre, followers, profile_url, image) VALUES
(73, 'VIPA', 'Électro', 950000, 'https://www.youtube.com/channel/UCITCUMkLmgQF0IkW2DH2G4A', 'https://yt3.googleusercontent.com/uv7X3WgNrBzCgK1m7Kd81mcwsA8W-PzDoeqMnQMafjLW0wbMo_odh9-WzCzlUoUr0xAcRdVVU8E=s160-c-k-c0x00ffffff-no-rj');

INSERT INTO Artists (artist_id, artist_name, genre, followers, profile_url, image) VALUES
(74, 'Avril Lavigne', 'Pop Rock', 1000000, 'https://www.youtube.com/user/AvrilLavigneVEVO', 'https://yt3.googleusercontent.com/ytc/AIdro_k5fsArZkaaYIlRaCZ2FoTeTJC9FL8mWgpfDX_cKGqOhYE=s160-c-k-c0x00ffffff-no-rj');

INSERT INTO Artists (artist_id, artist_name, genre, followers, profile_url, image) VALUES
(75, 'The Black Eyed Peas', 'Hip-Hop', 1200000, 'https://www.youtube.com/user/BlackEyedPeasVEVO', 'https://yt3.googleusercontent.com/NpxpcKNwqfrMAeCvJxL_OyONVoEUOQYEx2QVoMdX-1F8YdPgioGe7J4TbsMLoEZ5hD7PWe4yZQ=s160-c-k-c0x00ffffff-no-rj');

INSERT INTO Artists (artist_id, artist_name, genre, followers, profile_url, image) VALUES
(76, 'Demi Lovato', 'Pop', 1100000, 'https://www.youtube.com/user/DemiLovatoVEVO', 'https://yt3.googleusercontent.com/0li063hwbZz1FYB8h8ld-S7ibEpkK_INRiHRbIO4kLs9yQ6Vn5QxqEcbCQ_xjRH4L3UCttgs=s160-c-k-c0x00ffffff-no-rj');


INSERT INTO Artists (artist_id, artist_name, genre, followers, profile_url, image) VALUES
(77, 'ELYSSA', 'Oriental', 1200000, 'https://www.youtube.com/channel/UCwVXB9hCnLiarr3pZLmnr2w', 'https://yt3.googleusercontent.com/i0dyn2pPTNyGgfBjTGQmNlkT5LaLSIwWX0SmDew3JJizumNHZ-7jKI407s4RcT0_i1MFXKonfpc=s160-c-k-c0x00ffffff-no-rj');

INSERT INTO Artists (artist_id, artist_name, genre, followers, profile_url, image) VALUES
(78, 'Becky G', 'Pop Latino', 850000, 'https://www.youtube.com/user/BeckyGVEVO', 'https://yt3.googleusercontent.com/3DPonV5gDhHZBhrgz5EcpBl0CAJqLEZKnO9C7XAW-7282eg506qmdo6xZtpCrcX4JD-Sfg2fQck=s160-c-k-c0x00ffffff-no-rj');

INSERT INTO Artists (artist_id, artist_name, genre, followers, profile_url, image) VALUES
(79, 'Luis Fonsi', 'Pop Latino', 1100000, 'https://www.youtube.com/user/LuisFonsiVEVO', 'https://yt3.googleusercontent.com/jDWlRxvINGBnumQf3ZzR50zts7TQjW9WZK7YhuIovzLu_jHjXgOVAiEym-uwO0uPJaGBDGt8=s160-c-k-c0x00ffffff-no-rj');

INSERT INTO Artists (artist_id, artist_name, genre, followers, profile_url, image) VALUES
(80, 'Marwan Khoury | مروان خوري', 'Pop', 900000, 'https://www.youtube.com/channel/UCfdwiI2BBzLo59asUCbJEBQ', 'https://yt3.googleusercontent.com/i1e7DJXTu-XXqdNsOvrRslLfaSaP68xFjG6SzQNZGNcGteiePZwfoYRY3ESujgJtzEHaBwp5ZHE=s160-c-k-c0x00ffffff-no-rj');

INSERT INTO Artists (artist_id, artist_name, genre, followers, profile_url, image) VALUES
(81, 'Hedi donya', 'Oriantal', 950000, 'https://www.youtube.com/@El_hadi_doniya-22', 'https://yt3.googleusercontent.com/ytc/AIdro_nl4NiWxHOZh447YdlxjsAwqFPEkg5a3JPCJqF8rpG9euk=s160-c-k-c0x00ffffff-no-rj');

INSERT INTO Artists (artist_id, artist_name, genre, followers, profile_url, image) VALUES
(82, 'Doja Cat', 'Hip-Hop', 870000, 'https://www.youtube.com/user/DojaCatVEVO', 'https://yt3.googleusercontent.com/nb5THbpaP3wtSq3W4M5BpaRJgBVuM-1nHggF9qLRbFXr3-uBvPV3nlynfEpcpLaK-4RZg6NJ=s160-c-k-c0x00ffffff-no-rj');

INSERT INTO Artists (artist_id, artist_name, genre, followers, profile_url, image) VALUES
(83, 'Hedi jouini', 'Oriental', 1300000, 'https://www.youtube.com/channel/UCj0jE8ZZJ4KaGy8xF_zAumQ', 'https://yt3.googleusercontent.com/oAXEyShv_qNRjiJl_xyeosoaaxICWNks6CFshyNqP9JsRgD_nfEt5qxTDL6i-79RUSgFPT0Avw=s160-c-k-c0x00ffffff-no-rj');

INSERT INTO Artists (artist_id, artist_name, genre, followers, profile_url, image) VALUES
(84, 'Manel Amara', 'Oriental', 1400000, 'https://www.youtube.com/channel/UCW8noRUPv9xH8U-DVgMa4RQ', 'https://yt3.googleusercontent.com/vEHwjhYveBeC6_gFn2hDlPi7FqvoG67ZFN3Eaw6LeKx3Wbr6HnXrYlGs0Fw575l-ZWkJ3fKWSJU=s160-c-k-c0x00ffffff-no-rj');

INSERT INTO Artists (artist_id, artist_name, genre, followers, profile_url, image) VALUES
(85, 'Nermine Sfar', 'Oriental', 800000, 'https://www.youtube.com/channel/UCrR5TdlJFGhsfS0O8imucdA', 'https://yt3.googleusercontent.com/EehrAxHdbZvYowJ8l_GK2fH92EMIMrjzaVngfAALuoSGlJbziLpKMsJPaK4YRI_NTpWiB7WEIQ=s160-c-k-c0x00ffffff-no-rj');

INSERT INTO Artists (artist_id, artist_name, genre, followers, profile_url, image) VALUES
(86, 'Saad Lemjarad', 'Oriental', 900000, 'https://www.youtube.com/channel/UC9hJ5XcjHXYjwDOqrlQUuow', 'https://yt3.googleusercontent.com/PLxDSIi-qi8Uj-5qeIhtWq3jtT6pNvzzxyIHba-74oEAyfSQT6Sj77RD90sGwRBAQl9iJ9O8FQ=s160-c-k-c0x00ffffff-no-rj');

INSERT INTO Artists (artist_id, artist_name, genre, followers, profile_url, image) VALUES
(87, 'Zara Larsson', 'Pop', 750000, 'https://www.youtube.com/user/ZaraLarssonVEVO', 'https://yt3.googleusercontent.com/ytc/AIdro_ni7YGi__GyFOfN_OFxNX0MIC1XP0bRXdAuavnljtABDw=s160-c-k-c0x00ffffff-no-rj');

INSERT INTO Artists (artist_id, artist_name, genre, followers, profile_url, image) VALUES
(88, 'Bebe Rexha', 'Pop', 700000, 'https://www.youtube.com/user/BebeRexhaVEVO', 'https://yt3.googleusercontent.com/ytc/AIdro_njcWH2TMlN6Jg3fQMqO9mdsFhkJRgCbaMFTQMs9qM6sg=s160-c-k-c0x00ffffff-no-rj');

INSERT INTO Artists (artist_id, artist_name, genre, followers, profile_url, image) VALUES
(89, 'Rachid Talyani', 'Pop', 650000, 'https://www.youtube.com/results?search_query=rachid+talyani', 'https://yt3.googleusercontent.com/iSQIe7rsuWfhOPW4EWIEp6pc_021dDg1VAoP5JYBl6HdFekDp0zLTwjZTxpGhj2odUM-bDcv=s160-c-k-c0x00ffffff-no-rj');

INSERT INTO Artists (artist_id, artist_name, genre, followers, profile_url, image) VALUES
(90, 'Lotfi Bouchnak', 'Oriantal', 800000, 'https://www.youtube.com/channel/UCtDaxhj-O8tBYlRECzSAZoQ', 'https://yt3.googleusercontent.com/oRtybGneofMfaT0C0S8gOLjRB1azut8yMq5n1XLnaGcmYSL8eIK7lv36hC0qGe4XxvUrJfQ6qA=s160-c-k-c0x00ffffff-no-rj');

INSERT INTO Artists (artist_id, artist_name, genre, followers, profile_url, image) VALUES
(91, 'Snoop Dog', 'Pop', 850000, 'https://www.youtube.com/channel/UC-OO324clObi3H-U0bP77dw', 'https://yt3.googleusercontent.com/ytc/AIdro_k6PWW7EXW2PdUnGdVoo1KeHwMtJO6b7bAU5AAKUz-RJ_c=s160-c-k-c0x00ffffff-no-rj');

INSERT INTO Artists (artist_id, artist_name, genre, followers, profile_url, image) VALUES
(92, 'Halsey', 'Pop', 900000, 'https://www.youtube.com/user/HalseyVEVO', 'https://yt3.googleusercontent.com/YRu42ffXT5CrpmY0lKNzq8H5-dqxVMs245p9mG1bkzxKULzURgyJDI_9KrXE0au_gfUvAp_2XQ=s160-c-k-c0x00ffffff-no-rj');

INSERT INTO Artists (artist_id, artist_name, genre, followers, profile_url, image) VALUES
(93, 'Alicia Keys', 'R&B', 950000, 'https://www.youtube.com/user/AliciaKeysVEVO', 'https://yt3.googleusercontent.com/YRu42ffXT5CrpmY0lKNzq8H5-dqxVMs245p9mG1bkzxKULzURgyJDI_9KrXE0au_gfUvAp_2XQ=s160-c-k-c0x00ffffff-no-rj');

INSERT INTO Artists (artist_id, artist_name, genre, followers, profile_url, image) VALUES
(94, 'GIMS', 'Pop', 800000, 'https://www.youtube.com/channel/UCCB1Byx5yTbLpQaV-rlfmtA', 'https://yt3.googleusercontent.com/MH9TWKPxjVZNjfGbZGLa9D71D-LVpTOPJbkh_abunMIfS6Mzqeh7M4c19eQdcp5i9dTQvIodUA=s160-c-k-c0x00ffffff-no-rj');

INSERT INTO Artists (artist_id, artist_name, genre, followers, profile_url, image) VALUES
(95, 'Tove Lo', 'Pop', 750000, 'https://www.youtube.com/user/ToveLoVEVO', 'https://yt3.googleusercontent.com/ytc/AIdro_kS0gZUvVMsi52tnmekPQM46WX8otbnabxxo5BI_6wePZk=s160-c-k-c0x00ffffff-no-rj');


INSERT INTO Artists (artist_id, artist_name, genre, followers, profile_url, image) VALUES
(96, 'Luc Colms', 'Classique', 6000000, 'https://www.youtube.com/channel/UCOSIXyYdT93OzpRnAuWaKjQ', 'https://yt3.googleusercontent.com/GYNdlcfoYfhy1NMFNJV_ze6O01Px1Bb0oN50QFlMTZ6T3LbJ37UedLgXZMj0l21eDlrVESyefw=s160-c-k-c0x00ffffff-no-rj');

INSERT INTO Artists (artist_id, artist_name, genre, followers, profile_url, image) VALUES
(97, 'Oliver Antonie', 'Expérimental', 2200000, 'https://www.youtube.com/@andrewhuang', 'https://yt3.googleusercontent.com/8VhsecmeTYTcNrXSHEYA4H5BU5GgDnekDyOMg9-nYjXWz8bh2WqErb2B6zJfR4s_epNpQMV1vw=s160-c-k-c0x00ffffff-no-rj');

INSERT INTO Artists (artist_id, artist_name, genre, followers, profile_url, image) VALUES
(98, 'Oliver Antonie', 'Alternative', 1300000, 'https://www.youtube.com/@oliveranthonymusic', 'https://yt3.googleusercontent.com/jdhcaPV8iMUhTAXrHCArATRHRy-Zm3o2nkE_NybmO8cm4p6D9lRFRx_BuDcV8YruDTb9M_DX=s160-c-k-c0x00ffffff-no-rj');

INSERT INTO Artists (artist_id, artist_name, genre, followers, profile_url, image) VALUES
(99, 'Jacob Collier', 'Jazz Fusion', 1600000, 'https://www.youtube.com/@jacobcollier', 'https://yt3.googleusercontent.com/o19hcEkqPBgYN8ywD7RIIJSkl4YLpvS7hQzCChwBEJPAFcrvmeQqPICRBaaQRBuUdAk3qZi7dA=s160-c-k-c0x00ffffff-no-rj');

INSERT INTO Artists (artist_id, artist_name, genre, followers, profile_url, image) VALUES
(100, 'Snarky Puppy', 'Jazz', 900000, 'https://www.youtube.com/@SnarkyPuppy', 'https://yt3.googleusercontent.com/ytc/AIdro_mRbL6Xajgka5kATcCLF-Wc8dGcKEtbF35c_GNZvLUezUc=s160-c-k-c0x00ffffff-no-rj');



INSERT INTO Songs (song_id, song_name, genre, release_date, url)
VALUES (1, 'Lose Yourself', 'Hip-Hop', '2002-10-28', 'https://www.youtube.com/watch?v=_Yhyp-_hX2s');

INSERT INTO Songs (song_id, song_name, genre, release_date, url)
VALUES (2, 'Without Me', 'Hip-Hop', '2002-05-13', 'https://www.youtube.com/watch?v=YVkUvmDQ3HY');

INSERT INTO Songs (song_id, song_name, genre, release_date, url)
VALUES (3, 'Not Afraid', 'Hip-Hop', '2010-04-29', 'https://www.youtube.com/watch?v=j5-yKhDd64s');

INSERT INTO Songs (song_id, song_name, genre, release_date, url)
VALUES (4, 'The Real Slim Shady', 'Hip-Hop', '2000-05-16', 'https://www.youtube.com/watch?v=eJO5HU_7_1w');

INSERT INTO Songs (song_id, song_name, genre, release_date, url)
VALUES (5, 'Love The Way You Lie', 'Hip-Hop', '2010-08-09', 'https://www.youtube.com/watch?v=uelHwf8o7_U');
INSERT INTO Songs (song_id, song_name, genre, release_date, url)
VALUES (6, 'God''s Plan', 'Hip-Hop', '2018-01-19', 'https://www.youtube.com/watch?v=xpVfcZ0ZcFM');

INSERT INTO Songs (song_id, song_name, genre, release_date, url)
VALUES (7, 'Hotline Bling', 'Hip-Hop', '2015-07-31', 'https://www.youtube.com/watch?v=uxpDa-c-4Mc');

INSERT INTO Songs (song_id, song_name, genre, release_date, url)
VALUES (8, 'One Dance', 'Hip-Hop', '2016-04-05', 'https://www.youtube.com/watch?v=iAbnEUA0wpA');

INSERT INTO Songs (song_id, song_name, genre, release_date, url)
VALUES (9, 'In My Feelings', 'Hip-Hop', '2018-07-10', 'https://www.youtube.com/watch?v=DRS_PpOrUZ4');

INSERT INTO Songs (song_id, song_name, genre, release_date, url)
VALUES (10, 'Started From The Bottom', 'Hip-Hop', '2013-02-01', 'https://www.youtube.com/watch?v=RubBzkZzpUA');

INSERT INTO Songs (song_id, song_name, genre, release_date, url)
VALUES (11, 'Bad Romance', 'Pop', '2009-10-26', 'https://www.youtube.com/watch?v=qrO4YZeyl0I');

INSERT INTO Songs (song_id, song_name, genre, release_date, url)
VALUES (12, 'Poker Face', 'Pop', '2008-09-26', 'https://www.youtube.com/watch?v=bESGLojNYSo');

INSERT INTO Songs (song_id, song_name, genre, release_date, url)
VALUES (13, 'Just Dance', 'Pop', '2008-04-08', 'https://www.youtube.com/watch?v=2Abk1jAONjw');

INSERT INTO Songs (song_id, song_name, genre, release_date, url)
VALUES (14, 'Shallow', 'Pop', '2018-09-27', 'https://www.youtube.com/watch?v=bo_efYhYU2A');

INSERT INTO Songs (song_id, song_name, genre, release_date, url)
VALUES (15, 'Born This Way', 'Pop', '2011-02-11', 'https://www.youtube.com/watch?v=wV1FrqwZyKw');

INSERT INTO Songs (song_id, song_name, genre, release_date, url)
VALUES (16, 'Circles', 'Hip-Hop', '2019-08-30', 'https://www.youtube.com/watch?v=wXhTHyIgQ_U');

INSERT INTO Songs (song_id, song_name, genre, release_date, url)
VALUES (17, 'Rockstar', 'Hip-Hop', '2017-09-15', 'https://www.youtube.com/watch?v=UceaB4D0jpo');

INSERT INTO Songs (song_id, song_name, genre, release_date, url)
VALUES (18, 'Sunflower', 'Hip-Hop', '2018-10-19', 'https://www.youtube.com/watch?v=ApXoWvfEYVU');

INSERT INTO Songs (song_id, song_name, genre, release_date, url)
VALUES (19, 'Congratulations', 'Hip-Hop', '2017-01-31', 'https://www.youtube.com/watch?v=SC4xMk98Pdc');

INSERT INTO Songs (song_id, song_name, genre, release_date, url)
VALUES (20, 'Better Now', 'Hip-Hop', '2018-05-25', 'https://www.youtube.com/watch?v=UYwF-jdcVjY');
INSERT INTO Songs (song_id, song_name, genre, release_date, url)
VALUES (21, 'Smack That', 'Hip-Hop', '2006-09-25', 'https://www.youtube.com/watch?v=bKDdT_nyP54');

INSERT INTO Songs (song_id, song_name, genre, release_date, url)
VALUES (22, 'Lonely', 'Pop', '2005-02-22', 'https://www.youtube.com/watch?v=6EEW-9NDM5k');

INSERT INTO Songs (song_id, song_name, genre, release_date, url)
VALUES (23, 'Don''t Matter', 'R&B', '2007-02-14', 'https://www.youtube.com/watch?v=GilliYk0e3w');

INSERT INTO Songs (song_id, song_name, genre, release_date, url)
VALUES (24, 'Right Now (Na Na Na)', 'Pop', '2008-09-23', 'https://www.youtube.com/watch?v=YnopHCL1Jk8');

INSERT INTO Songs (song_id, song_name, genre, release_date, url)
VALUES (25, 'Beautiful', 'Pop', '2009-01-06', 'https://www.youtube.com/watch?v=0bMJ2l9K2xg');

INSERT INTO Songs (song_id, song_name, genre, release_date, url)
VALUES (26, 'Timber', 'Pop', '2013-10-07', 'https://www.youtube.com/watch?v=hHUbLv4ThOo');

INSERT INTO Songs (song_id, song_name, genre, release_date, url)
VALUES (27, 'Give Me Everything', 'Pop', '2011-03-18', 'https://www.youtube.com/watch?v=EPo5wWmKEaI');

INSERT INTO Songs (song_id, song_name, genre, release_date, url)
VALUES (28, 'International Love', 'Pop', '2011-11-01', 'https://www.youtube.com/watch?v=C8W5UqR9yJ4');

INSERT INTO Songs (song_id, song_name, genre, release_date, url)
VALUES (29, 'Hotel Room Service', 'Hip-Hop', '2009-06-16', 'https://www.youtube.com/watch?v=2up_Eq6r6Ko');

INSERT INTO Songs (song_id, song_name, genre, release_date, url)
VALUES (30, 'I Know You Want Me', 'Reggaeton', '2009-02-24', 'https://www.youtube.com/watch?v=E2tMV96xULk');

INSERT INTO Songs (song_id, song_name, genre, release_date, url)
VALUES (31, 'Come & Get It', 'Pop', '2013-04-08', 'https://www.youtube.com/watch?v=n-D1EB74Ckg');

INSERT INTO Songs (song_id, song_name, genre, release_date, url)
VALUES (32, 'The Heart Wants What It Wants', 'Pop', '2014-11-06', 'https://www.youtube.com/watch?v=ij_0p_6qTss');

INSERT INTO Songs (song_id, song_name, genre, release_date, url)
VALUES (33, 'Good For You', 'Pop', '2015-06-22', 'https://www.youtube.com/watch?v=DXKHCgNFk1I');

INSERT INTO Songs (song_id, song_name, genre, release_date, url)
VALUES (34, 'Hands to Myself', 'Pop', '2016-01-20', 'https://www.youtube.com/watch?v=FMlcn-_jpWY');

INSERT INTO Songs (song_id, song_name, genre, release_date, url)
VALUES (35, 'Lose You To Love Me', 'Pop', '2019-10-23', 'https://www.youtube.com/watch?v=zlJDTxahav0');

INSERT INTO Songs (song_id, song_name, genre, release_date, url)
VALUES (36, 'Sorry', 'Pop', '2015-10-22', 'https://www.youtube.com/watch?v=fRh_vgS2dFE');

INSERT INTO Songs (song_id, song_name, genre, release_date, url)
VALUES (37, 'Love Yourself', 'Pop', '2015-11-09', 'https://www.youtube.com/watch?v=oyEuk8j8imI');

INSERT INTO Songs (song_id, song_name, genre, release_date, url)
VALUES (38, 'Baby', 'Pop', '2010-01-18', 'https://www.youtube.com/watch?v=kffacxfA7G4');

INSERT INTO Songs (song_id, song_name, genre, release_date, url)
VALUES (39, 'What Do You Mean?', 'Pop', '2015-08-28', 'https://www.youtube.com/watch?v=DK_0jXPuIr0');

INSERT INTO Songs (song_id, song_name, genre, release_date, url)
VALUES (40, 'Peaches', 'Pop', '2021-03-19', 'https://www.youtube.com/watch?v=tQ0yjYUFKAE');
INSERT INTO Songs (song_id, song_name, genre, release_date, url)
VALUES (41, 'Super Bass', 'Hip-Hop', '2011-05-05', 'https://www.youtube.com/watch?v=4JipHEz53sU');

INSERT INTO Songs (song_id, song_name, genre, release_date, url)
VALUES (42, 'Anaconda', 'Hip-Hop', '2014-08-19', 'https://www.youtube.com/watch?v=LDZX4ooRsWs');

INSERT INTO Songs (song_id, song_name, genre, release_date, url)
VALUES (43, 'Starships', 'Pop', '2012-02-14', 'https://www.youtube.com/watch?v=SeIJmciN8mo');

INSERT INTO Songs (song_id, song_name, genre, release_date, url)
VALUES (44, 'Moment 4 Life', 'Hip-Hop', '2011-01-27', 'https://www.youtube.com/watch?v=D7GW8TYCEG4');

INSERT INTO Songs (song_id, song_name, genre, release_date, url)
VALUES (45, 'Chun-Li', 'Hip-Hop', '2018-04-12', 'https://www.youtube.com/watch?v=Wpm07-BGJnE');

INSERT INTO Songs (song_id, song_name, genre, release_date, url)
VALUES (46, 'Bodak Yellow', 'Hip-Hop', '2017-06-24', 'https://www.youtube.com/watch?v=PEGccV-NOm8');

INSERT INTO Songs (song_id, song_name, genre, release_date, url)
VALUES (47, 'I Like It', 'Hip-Hop', '2018-05-25', 'https://www.youtube.com/watch?v=xTlNMmZKwpA');

INSERT INTO Songs (song_id, song_name, genre, release_date, url)
VALUES (48, 'WAP', 'Hip-Hop', '2020-08-07', 'https://www.youtube.com/watch?v=hsm4poTWjMs');

INSERT INTO Songs (song_id, song_name, genre, release_date, url)
VALUES (49, 'Up', 'Hip-Hop', '2021-02-05', 'https://www.youtube.com/watch?v=rCiBgLOcuKU');

INSERT INTO Songs (song_id, song_name, genre, release_date, url)
VALUES (50, 'Be Careful', 'Hip-Hop', '2018-03-30', 'https://www.youtube.com/watch?v=GQcYz8jz1Lo');

INSERT INTO Songs (song_id, song_name, genre, release_date, url)
VALUES (51, 'Halo', 'Pop', '2009-01-20', 'https://www.youtube.com/watch?v=bnVUHWCynig');

INSERT INTO Songs (song_id, song_name, genre, release_date, url)
VALUES (52, 'Single Ladies', 'Pop', '2008-10-13', 'https://www.youtube.com/watch?v=4m1EFMoRFvY');

INSERT INTO Songs (song_id, song_name, genre, release_date, url)
VALUES (53, 'Crazy In Love', 'R&B', '2003-05-18', 'https://www.youtube.com/watch?v=ViwtNLUqkMY');

INSERT INTO Songs (song_id, song_name, genre, release_date, url)
VALUES (54, 'Drunk in Love', 'R&B', '2013-12-17', 'https://www.youtube.com/watch?v=p1JPKLa-Ofc');

INSERT INTO Songs (song_id, song_name, genre, release_date, url)
VALUES (55, 'Run the World (Girls)', 'Pop', '2011-04-21', 'https://www.youtube.com/watch?v=VBmMU_iwe6U');

INSERT INTO Songs (song_id, song_name, genre, release_date, url)
VALUES (56, 'Diamonds', 'Pop', '2012-09-26', 'https://www.youtube.com/watch?v=lWA2pjMjpBs');

INSERT INTO Songs (song_id, song_name, genre, release_date, url)
VALUES (57, 'Umbrella', 'R&B', '2007-03-29', 'https://www.youtube.com/watch?v=CvBfHwUxHIk');

INSERT INTO Songs (song_id, song_name, genre, release_date, url)
VALUES (58, 'Work', 'R&B', '2016-01-27', 'https://www.youtube.com/watch?v=HL1UzIK-flA');

INSERT INTO Songs (song_id, song_name, genre, release_date, url)
VALUES (59, 'Only Girl', 'Pop', '2010-09-10', 'https://www.youtube.com/watch?v=pa14VNsdSYM');

INSERT INTO Songs (song_id, song_name, genre, release_date, url)
VALUES (60, 'We Found Love', 'Pop', '2011-09-22', 'https://www.youtube.com/watch?v=tg00YEETFzg');
INSERT INTO Songs (song_id, song_name, genre, release_date, url)
VALUES (61, 'Roar', 'Pop', '2013-08-10', 'https://www.youtube.com/watch?v=CevxZvSJLk8');

INSERT INTO Songs (song_id, song_name, genre, release_date, url)
VALUES (62, 'Dark Horse', 'Pop', '2014-01-17', 'https://www.youtube.com/watch?v=0KSOMA3QBU0');

INSERT INTO Songs (song_id, song_name, genre, release_date, url)
VALUES (63, 'Firework', 'Pop', '2010-10-26', 'https://www.youtube.com/watch?v=QGJuMBdaqIw');

INSERT INTO Songs (song_id, song_name, genre, release_date, url)
VALUES (64, 'California Gurls', 'Pop', '2010-05-07', 'https://www.youtube.com/watch?v=F57P9C4SAW4');

INSERT INTO Songs (song_id, song_name, genre, release_date, url)
VALUES (65, 'Teenage Dream', 'Pop', '2010-07-23', 'https://www.youtube.com/watch?v=98WtmW-lfeE');

INSERT INTO Songs (song_id, song_name, genre, release_date, url)
VALUES (66, 'Hips Don''t Lie', 'Pop', '2006-02-28', 'https://www.youtube.com/watch?v=DUT5rEU6pqM');

INSERT INTO Songs (song_id, song_name, genre, release_date, url)
VALUES (67, 'Waka Waka', 'Pop', '2010-06-04', 'https://www.youtube.com/watch?v=pRpeEdMmmQ0');

INSERT INTO Songs (song_id, song_name, genre, release_date, url)
VALUES (68, 'Chantaje', 'Latin', '2016-10-28', 'https://www.youtube.com/watch?v=6Mgqbai3fKo');

INSERT INTO Songs (song_id, song_name, genre, release_date, url)
VALUES (69, 'La La La', 'Pop', '2014-05-22', 'https://www.youtube.com/watch?v=7-7knsP2n5w');

INSERT INTO Songs (song_id, song_name, genre, release_date, url)
VALUES (70, 'Try Everything', 'Pop', '2016-02-18', 'https://www.youtube.com/watch?v=c6rP-YP4c5I');

INSERT INTO Songs (song_id, song_name, genre, release_date, url)
VALUES (71, 'Uptown Funk', 'Funk', '2014-11-10', 'https://www.youtube.com/watch?v=kPa7bsKwL-c');

INSERT INTO Songs (song_id, song_name, genre, release_date, url)
VALUES (72, 'Just The Way You Are', 'Pop', '2010-08-10', 'https://www.youtube.com/watch?v=LjhCEhWiKXk');

INSERT INTO Songs (song_id, song_name, genre, release_date, url)
VALUES (73, 'That''s What I Like', 'R&B', '2017-01-30', 'https://www.youtube.com/watch?v=PMivT7MJ41M');

INSERT INTO Songs (song_id, song_name, genre, release_date, url)
VALUES (74, 'Grenade', 'Pop', '2010-09-28', 'https://www.youtube.com/watch?v=SR6iYWJxHqs');

INSERT INTO Songs (song_id, song_name, genre, release_date, url)
VALUES (75, '24K Magic', 'Funk', '2016-10-06', 'https://www.youtube.com/watch?v=UqyT8IEBkvY');

INSERT INTO Songs (song_id, song_name, genre, release_date, url)
VALUES (76, '7 rings', 'Pop', '2019-01-18', 'https://www.youtube.com/watch?v=QYh6mYIJG2Y');

INSERT INTO Songs (song_id, song_name, genre, release_date, url)
VALUES (77, 'thank u, next', 'Pop', '2018-11-03', 'https://www.youtube.com/watch?v=gl1aHhXnN1k');

INSERT INTO Songs (song_id, song_name, genre, release_date, url)
VALUES (78, 'Into You', 'Pop', '2016-05-06', 'https://www.youtube.com/watch?v=1ekZEVeXwek');

INSERT INTO Songs (song_id, song_name, genre, release_date, url)
VALUES (79, 'No Tears Left To Cry', 'Pop', '2018-04-20', 'https://www.youtube.com/watch?v=ffxKSjUwKdU');

INSERT INTO Songs (song_id, song_name, genre, release_date, url)
VALUES (80, 'Break Free', 'Pop', '2014-07-02', 'https://www.youtube.com/watch?v=L8eRzOYhLuw');

-- The Weeknd
INSERT INTO Songs (song_id, song_name, genre, release_date, url)
VALUES (81, 'Blinding Lights', 'Pop', '2019-11-29', 'https://www.youtube.com/watch?v=4NRXx6U8ABQ');

INSERT INTO Songs (song_id, song_name, genre, release_date, url)
VALUES (82, 'Save Your Tears', 'Pop', '2020-08-09', 'https://www.youtube.com/watch?v=XXYlFuWEuKI');

INSERT INTO Songs (song_id, song_name, genre, release_date, url)
VALUES (83, 'Starboy', 'Pop', '2016-09-22', 'https://www.youtube.com/watch?v=34Na4j8AVgA');

INSERT INTO Songs (song_id, song_name, genre, release_date, url)
VALUES (84, 'Can''t Feel My Face', 'Pop', '2015-06-08', 'https://www.youtube.com/watch?v=KEI4qSrkPAs');

INSERT INTO Songs (song_id, song_name, genre, release_date, url)
VALUES (85, 'The Hills', 'Pop', '2015-05-27', 'https://www.youtube.com/watch?v=yzTuBuRdAyA');

-- Taylor Swift
INSERT INTO Songs (song_id, song_name, genre, release_date, url)
VALUES (86, 'Shake It Off', 'Pop', '2014-08-18', 'https://www.youtube.com/watch?v=nfWlot6h_JM');

INSERT INTO Songs (song_id, song_name, genre, release_date, url)
VALUES (87, 'Blank Space', 'Pop', '2014-11-10', 'https://www.youtube.com/watch?v=e-ORhEE9VVg');

INSERT INTO Songs (song_id, song_name, genre, release_date, url)
VALUES (88, 'Love Story', 'Pop', '2008-09-12', 'https://www.youtube.com/watch?v=8xg3vE8Ie_E');

INSERT INTO Songs (song_id, song_name, genre, release_date, url)
VALUES (89, 'You Belong With Me', 'Pop', '2009-04-18', 'https://www.youtube.com/watch?v=VuNIsY6JdUw');

INSERT INTO Songs (song_id, song_name, genre, release_date, url)
VALUES (90, 'Anti-Hero', 'Pop', '2022-10-21', 'https://www.youtube.com/watch?v=b1kbLwvqugk');

-- Dua Lipa
INSERT INTO Songs (song_id, song_name, genre, release_date, url)
VALUES (91, 'Levitating', 'Pop', '2020-10-01', 'https://www.youtube.com/watch?v=TUVcZfQe-Kw');

INSERT INTO Songs (song_id, song_name, genre, release_date, url)
VALUES (92, 'Don''t Start Now', 'Pop', '2019-11-01', 'https://www.youtube.com/watch?v=oygrmJFKYZY');

INSERT INTO Songs (song_id, song_name, genre, release_date, url)
VALUES (93, 'New Rules', 'Pop', '2017-07-07', 'https://www.youtube.com/watch?v=k2qgadSvNyU');

INSERT INTO Songs (song_id, song_name, genre, release_date, url)
VALUES (94, 'Physical', 'Pop', '2020-01-31', 'https://www.youtube.com/watch?v=9HDEHj2yzew');

INSERT INTO Songs (song_id, song_name, genre, release_date, url)
VALUES (95, 'IDGAF', 'Pop', '2018-01-12', 'https://www.youtube.com/watch?v=Mgfe5tIwOj0');

INSERT INTO Songs (song_id, song_name, genre, release_date, url)
VALUES (96, 'Chandelier', 'Pop', '2014-03-17', 'https://www.youtube.com/watch?v=2vjPBrBU-TM');

INSERT INTO Songs (song_id, song_name, genre, release_date, url)
VALUES (97, 'Cheap Thrills', 'Pop', '2016-02-11', 'https://www.youtube.com/watch?v=nYh-n7EOtMA');

INSERT INTO Songs (song_id, song_name, genre, release_date, url)
VALUES (98, 'Elastic Heart', 'Pop', '2013-10-01', 'https://www.youtube.com/watch?v=KWZGAExj-es');

INSERT INTO Songs (song_id, song_name, genre, release_date, url)
VALUES (99, 'Alive', 'Pop', '2015-09-24', 'https://www.youtube.com/watch?v=t2NgsJrrAyM');

INSERT INTO Songs (song_id, song_name, genre, release_date, url)
VALUES (100, 'Unstoppable', 'Pop', '2016-01-21', 'https://www.youtube.com/watch?v=YaEG2aWJnZ8');



-- Eminem
INSERT INTO Sings (artist_id, song_id) VALUES (1, 1);
INSERT INTO Sings (artist_id, song_id) VALUES (1, 2);
INSERT INTO Sings (artist_id, song_id) VALUES (1, 3);
INSERT INTO Sings (artist_id, song_id) VALUES (1, 4);
INSERT INTO Sings (artist_id, song_id) VALUES (1, 5);

-- Drake
INSERT INTO Sings (artist_id, song_id) VALUES (2, 6);
INSERT INTO Sings (artist_id, song_id) VALUES (2, 7);
INSERT INTO Sings (artist_id, song_id) VALUES (2, 8);
INSERT INTO Sings (artist_id, song_id) VALUES (2, 9);
INSERT INTO Sings (artist_id, song_id) VALUES (2, 10);

-- Lady Gaga
INSERT INTO Sings (artist_id, song_id) VALUES (3, 11);
INSERT INTO Sings (artist_id, song_id) VALUES (3, 12);
INSERT INTO Sings (artist_id, song_id) VALUES (3, 13);
INSERT INTO Sings (artist_id, song_id) VALUES (3, 14);
INSERT INTO Sings (artist_id, song_id) VALUES (3, 15);

-- Post Malone
INSERT INTO Sings (artist_id, song_id) VALUES (4, 16);
INSERT INTO Sings (artist_id, song_id) VALUES (4, 17);
INSERT INTO Sings (artist_id, song_id) VALUES (4, 18);
INSERT INTO Sings (artist_id, song_id) VALUES (4, 19);
INSERT INTO Sings (artist_id, song_id) VALUES (4, 20);

-- Akon
INSERT INTO Sings (artist_id, song_id) VALUES (5, 21);
INSERT INTO Sings (artist_id, song_id) VALUES (5, 22);
INSERT INTO Sings (artist_id, song_id) VALUES (5, 23);
INSERT INTO Sings (artist_id, song_id) VALUES (5, 24);
INSERT INTO Sings (artist_id, song_id) VALUES (5, 25);

-- Pitbull
INSERT INTO Sings (artist_id, song_id) VALUES (6, 26);
INSERT INTO Sings (artist_id, song_id) VALUES (6, 27);
INSERT INTO Sings (artist_id, song_id) VALUES (6, 28);
INSERT INTO Sings (artist_id, song_id) VALUES (6, 29);
INSERT INTO Sings (artist_id, song_id) VALUES (6, 30);

-- Selena Gomez
INSERT INTO Sings (artist_id, song_id) VALUES (7, 31);
INSERT INTO Sings (artist_id, song_id) VALUES (7, 32);
INSERT INTO Sings (artist_id, song_id) VALUES (7, 33);
INSERT INTO Sings (artist_id, song_id) VALUES (7, 34);
INSERT INTO Sings (artist_id, song_id) VALUES (7, 35);

-- Justin Bieber
INSERT INTO Sings (artist_id, song_id) VALUES (8, 36);
INSERT INTO Sings (artist_id, song_id) VALUES (8, 37);
INSERT INTO Sings (artist_id, song_id) VALUES (8, 38);
INSERT INTO Sings (artist_id, song_id) VALUES (8, 39);
INSERT INTO Sings (artist_id, song_id) VALUES (8, 40);

-- Nicki Minaj
INSERT INTO Sings (artist_id, song_id) VALUES (9, 41);
INSERT INTO Sings (artist_id, song_id) VALUES (9, 42);
INSERT INTO Sings (artist_id, song_id) VALUES (9, 43);
INSERT INTO Sings (artist_id, song_id) VALUES (9, 44);
INSERT INTO Sings (artist_id, song_id) VALUES (9, 45);

-- Cardi B
INSERT INTO Sings (artist_id, song_id) VALUES (10, 46);
INSERT INTO Sings (artist_id, song_id) VALUES (10, 47);
INSERT INTO Sings (artist_id, song_id) VALUES (10, 48);
INSERT INTO Sings (artist_id, song_id) VALUES (10, 49);
INSERT INTO Sings (artist_id, song_id) VALUES (10, 50);

-- Beyoncé
INSERT INTO Sings (artist_id, song_id) VALUES (11, 51);
INSERT INTO Sings (artist_id, song_id) VALUES (11, 52);
INSERT INTO Sings (artist_id, song_id) VALUES (11, 53);
INSERT INTO Sings (artist_id, song_id) VALUES (11, 54);
INSERT INTO Sings (artist_id, song_id) VALUES (11, 55);

-- Rihanna
INSERT INTO Sings (artist_id, song_id) VALUES (12, 56);
INSERT INTO Sings (artist_id, song_id) VALUES (12, 57);
INSERT INTO Sings (artist_id, song_id) VALUES (12, 58);
INSERT INTO Sings (artist_id, song_id) VALUES (12, 59);
INSERT INTO Sings (artist_id, song_id) VALUES (12, 60);

-- Katy Perry
INSERT INTO Sings (artist_id, song_id) VALUES (13, 61);
INSERT INTO Sings (artist_id, song_id) VALUES (13, 62);
INSERT INTO Sings (artist_id, song_id) VALUES (13, 63);
INSERT INTO Sings (artist_id, song_id) VALUES (13, 64);
INSERT INTO Sings (artist_id, song_id) VALUES (13, 65);

-- Shakira
INSERT INTO Sings (artist_id, song_id) VALUES (14, 66);
INSERT INTO Sings (artist_id, song_id) VALUES (14, 67);
INSERT INTO Sings (artist_id, song_id) VALUES (14, 68);
INSERT INTO Sings (artist_id, song_id) VALUES (14, 69);
INSERT INTO Sings (artist_id, song_id) VALUES (14, 70);

-- Bruno Mars
INSERT INTO Sings (artist_id, song_id) VALUES (15, 71);
INSERT INTO Sings (artist_id, song_id) VALUES (15, 72);
INSERT INTO Sings (artist_id, song_id) VALUES (15, 73);
INSERT INTO Sings (artist_id, song_id) VALUES (15, 74);
INSERT INTO Sings (artist_id, song_id) VALUES (15, 75);

-- Ariana Grande
INSERT INTO Sings (artist_id, song_id) VALUES (16, 76);
INSERT INTO Sings (artist_id, song_id) VALUES (16, 77);
INSERT INTO Sings (artist_id, song_id) VALUES (16, 78);
INSERT INTO Sings (artist_id, song_id) VALUES (16, 79);
INSERT INTO Sings (artist_id, song_id) VALUES (16, 80);

-- The Weeknd
INSERT INTO Sings (artist_id, song_id) VALUES (17, 81);
INSERT INTO Sings (artist_id, song_id) VALUES (17, 82);
INSERT INTO Sings (artist_id, song_id) VALUES (17, 83);
INSERT INTO Sings (artist_id, song_id) VALUES (17, 84);
INSERT INTO Sings (artist_id, song_id) VALUES (17, 85);

-- Taylor Swift
INSERT INTO Sings (artist_id, song_id) VALUES (18, 86);
INSERT INTO Sings (artist_id, song_id) VALUES (18, 87);
INSERT INTO Sings (artist_id, song_id) VALUES (18, 88);
INSERT INTO Sings (artist_id, song_id) VALUES (18, 89);
INSERT INTO Sings (artist_id, song_id) VALUES (18, 90);

-- Dua Lipa
INSERT INTO Sings (artist_id, song_id) VALUES (19, 91);
INSERT INTO Sings (artist_id, song_id) VALUES (19, 92);
INSERT INTO Sings (artist_id, song_id) VALUES (19, 93);
INSERT INTO Sings (artist_id, song_id) VALUES (19, 94);
INSERT INTO Sings (artist_id, song_id) VALUES (19, 95);

-- Sia
INSERT INTO Sings (artist_id, song_id) VALUES (20, 96);
INSERT INTO Sings (artist_id, song_id) VALUES (20, 97);
INSERT INTO Sings (artist_id, song_id) VALUES (20, 98);
INSERT INTO Sings (artist_id, song_id) VALUES (20, 99);
INSERT INTO Sings (artist_id, song_id) VALUES (20, 100);


INSERT INTO Albums (album_id, album_name, genre, release_date, cover_image) VALUES (1, 'Eminem Essentials', 'Hip-Hop', '2025-04-12', 'https://yt3.googleusercontent.com/ytc/AIdro_ny_3E5NhElVE1msnq1HUwtnpjlV0JdXJ3h11Df2tlNmTQ=s160-c-k-c0x00ffffff-no-rj');
INSERT INTO Albums (album_id, album_name, genre, release_date, cover_image) VALUES (2, 'Drake Essentials', 'Hip-Hop', '2025-03-03', 'https://yt3.googleusercontent.com/ytc/AIdro_lCPp6jFXJWIVHM0fIK5HofL3nyLOsmhu1Ek2OwyppYlOM=s160-c-k-c0x00ffffff-no-rj');
INSERT INTO Albums (album_id, album_name, genre, release_date, cover_image) VALUES (3, 'Lady Gaga Essentials', 'Pop', '2025-01-22', 'https://yt3.googleusercontent.com/PhFThrqp58joMS9FOd7I2jPZ1TepvCKDsdnuwmFXPl-Tq0kZjw3GNtCNtsxt3dgH8bqW7RdK=s160-c-k-c0x00ffffff-no-rj');
INSERT INTO Albums (album_id, album_name, genre, release_date, cover_image) VALUES (4, 'Post Malone Essentials', 'Hip-Hop', '2024-12-13', 'https://yt3.googleusercontent.com/fZiaikWALrL81W0HkhVp_kaeI2AeaRQ8dLcGxY4Le2rggZltP_cdNOGpzSTTFizrTWdahACe=s160-c-k-c0x00ffffff-no-rj');
INSERT INTO Albums (album_id, album_name, genre, release_date, cover_image) VALUES (5, 'Akon Essentials', 'R&B', '2024-11-03', 'https://yt3.googleusercontent.com/0fU7MKX5FKqnZ3_qgZoETlC-rtN-7IUPZwXtBViq1VGCZC3w78ECrxh2BEOboge2qTkmaWNOWQ=s160-c-k-c0x00ffffff-no-rj');
INSERT INTO Albums (album_id, album_name, genre, release_date, cover_image) VALUES (6, 'Pitbull Essentials', 'Pop', '2024-09-24', 'https://yt3.googleusercontent.com/uKJ5scOEXVj-dCSC98H4jYWT60NxNt07gqs1wzqTePixIidtwKlBDinAW3P9dUVffM4AQLqjLHg=s160-c-k-c0x00ffffff-no-rj');
INSERT INTO Albums (album_id, album_name, genre, release_date, cover_image) VALUES (7, 'Selena Gomez Essentials', 'Pop', '2024-08-15', 'https://yt3.googleusercontent.com/SdHhEkdZ78QM2SNYjgSRnJX_F-ulIdb-B001bxuTfzLX7rbfuEeO_GXaynLc2zp-LZQizNEB=s160-c-k-c0x00ffffff-no-rj');
INSERT INTO Albums (album_id, album_name, genre, release_date, cover_image) VALUES (8, 'Justin Bieber Essentials', 'Pop', '2024-07-06', 'https://yt3.googleusercontent.com/ytc/AIdro_nI4TVFXBd57OiewF_oI8NCqBcpYmbkvbl1HjtYrqNPokc=s160-c-k-c0x00ffffff-no-rj');
INSERT INTO Albums (album_id, album_name, genre, release_date, cover_image) VALUES (9, 'Nicki Minaj Essentials', 'Hip-Hop', '2024-05-27', 'https://yt3.googleusercontent.com/50YeejQslEmP9_pNJHm3SGYRHRuVMuGafgsyrm2AjRNOE8P0bcIsDMA371xebxsd2zMQedm0TA=s160-c-k-c0x00ffffff-no-rj');
INSERT INTO Albums (album_id, album_name, genre, release_date, cover_image) VALUES (10, 'Cardi B Essentials', 'Hip-Hop', '2024-04-17', 'https://yt3.googleusercontent.com/50YeejQslEmP9_pNJHm3SGYRHRuVMuGafgsyrm2AjRNOE8P0bcIsDMA371xebxsd2zMQedm0TA=s160-c-k-c0x00ffffff-no-rj');
INSERT INTO Albums (album_id, album_name, genre, release_date, cover_image) VALUES (11, 'Beyoncé Essentials', 'Pop', '2024-03-08', 'https://yt3.googleusercontent.com/4UxYRy4fJ0Fo54TRPkw19_W6uCCnzTBSkzm75vGIiEObg4IgY5Ie1BIsNcflFNqofAjxEpTRcQ=s160-c-k-c0x00ffffff-no-rj');
INSERT INTO Albums (album_id, album_name, genre, release_date, cover_image) VALUES (12, 'Rihanna Essentials', 'Pop', '2024-01-28', 'https://yt3.googleusercontent.com/VAYRM_xcMbmZqsKMzO8SCt8HoMNC-TWBcwm3b3v5gLVnhVQHZ9aq_4DH6RhqlCqEB3RNhA7KHg=s160-c-k-c0x00ffffff-no-rj');
INSERT INTO Albums (album_id, album_name, genre, release_date, cover_image) VALUES (13, 'Katy Perry Essentials', 'Pop', '2023-12-19', 'https://yt3.googleusercontent.com/0JHDiF44tXg9XWEwdlEz5_q5ygZYwcOIKKcOdi5R8hLRCwe-34nlSNlGzIzg9elk1EHlYqf1HA=s160-c-k-c0x00ffffff-no-rj');
INSERT INTO Albums (album_id, album_name, genre, release_date, cover_image) VALUES (14, 'Shakira Essentials', 'Pop', '2023-11-09', 'https://yt3.googleusercontent.com/aFFxy2m2TB9dOJJEduJKEyAYsr79uE3ypQZLg-Jbc4TXlxsfCFoe7Ly3E3ou5sTPbglNiTyiKw=s160-c-k-c0x00ffffff-no-rj');
INSERT INTO Albums (album_id, album_name, genre, release_date, cover_image) VALUES (15, 'Bruno Mars Essentials', 'Pop', '2023-09-30', 'https://yt3.googleusercontent.com/DFAj5Pcujo1P0iXe8x4XoZwwItN9cbHnDxbdamvhqSTzXTmyNlqsE1HN2bEQN5vpXE6SB1IAoCM=s160-c-k-c0x00ffffff-no-rj');
INSERT INTO Albums (album_id, album_name, genre, release_date, cover_image) VALUES (16, 'Ariana Grande Essentials', 'Pop', '2023-08-21', 'https://yt3.googleusercontent.com/vLWO1tajYHyFJ3lGkcMxKMayA-ZNUqCUYj5bOO8TWhNVL7EV-bjxmguUkZ3B2dMsAtZYir8r=s160-c-k-c0x00ffffff-no-rj');
INSERT INTO Albums (album_id, album_name, genre, release_date, cover_image) VALUES (17, 'The Weeknd Essentials', 'R&B', '2023-07-12', 'https://yt3.googleusercontent.com/WHvw1ak1FcJaHeEiTmG2iN0dqEjjPxAtT_tA8ruJ3MlNr9I-RHsAur1iAenYeQN_d6LNPH2Z8Ic=s160-c-k-c0x00ffffff-no-rj');
INSERT INTO Albums (album_id, album_name, genre, release_date, cover_image) VALUES (18, 'Taylor Swift Essentials', 'Pop', '2023-06-02', 'https://yt3.googleusercontent.com/PFmecESWwRnrbIFZ04vG6UbdXKzjyC3vQkufqqEYEHpXlwHFRMDN8RuvG7A1WRnbGKVZTcyFYQ=s160-c-k-c0x00ffffff-no-rj');
INSERT INTO Albums (album_id, album_name, genre, release_date, cover_image) VALUES (19, 'Dua Lipa Essentials', 'Pop', '2023-04-23', 'https://yt3.googleusercontent.com/c3upBFWLu55hnBvqncQS9ZEF_hkvHsNTQiB7m7ZYYavLFMzfyn9Bwo-1VF4HSPGo3G2EdwGtgWg=s160-c-k-c0x00ffffff-no-rj');
INSERT INTO Albums (album_id, album_name, genre, release_date, cover_image) VALUES (20, 'Sia Essentials', 'Pop', '2023-03-14', 'https://yt3.googleusercontent.com/z3AOStrEznwieoK8HCfHi9nNQiPUiycJMEDYwZ5ufnaIS8YQRMj-X8lZpwtMnBsv89kcVUwewA=s160-c-k-c0x00ffffff-no-rj');


INSERT INTO Creates (artist_id, album_id) VALUES (1, 1);
INSERT INTO Creates (artist_id, album_id) VALUES (2, 2);
INSERT INTO Creates (artist_id, album_id) VALUES (3, 3);
INSERT INTO Creates (artist_id, album_id) VALUES (4, 4);
INSERT INTO Creates (artist_id, album_id) VALUES (5, 5);
INSERT INTO Creates (artist_id, album_id) VALUES (6, 6);
INSERT INTO Creates (artist_id, album_id) VALUES (7, 7);
INSERT INTO Creates (artist_id, album_id) VALUES (8, 8);
INSERT INTO Creates (artist_id, album_id) VALUES (9, 9);
INSERT INTO Creates (artist_id, album_id) VALUES (10, 10);
INSERT INTO Creates (artist_id, album_id) VALUES (11, 11);
INSERT INTO Creates (artist_id, album_id) VALUES (12, 12);
INSERT INTO Creates (artist_id, album_id) VALUES (13, 13);
INSERT INTO Creates (artist_id, album_id) VALUES (14, 14);
INSERT INTO Creates (artist_id, album_id) VALUES (15, 15);
INSERT INTO Creates (artist_id, album_id) VALUES (16, 16);
INSERT INTO Creates (artist_id, album_id) VALUES (17, 17);
INSERT INTO Creates (artist_id, album_id) VALUES (18, 18);
INSERT INTO Creates (artist_id, album_id) VALUES (19, 19);
INSERT INTO Creates (artist_id, album_id) VALUES (20, 20);

